"Date of Census","Total Individuals in Shelter","Total Single Adults in Shelter","Families with Children in Shelter","Adult Families in Shelter"
"07/27/2026","82561","25682","16249","2335"
"07/26/2026","82513","25632","16260","2334"
"07/25/2026","82632","25564","16311","2338"
"07/24/2026","82548","25610","16281","2327"
"07/23/2026","82606","25676","16270","2323"
"07/22/2026","82696","25651","16303","2330"
"07/21/2026","82905","25690","16360","2324"
"07/20/2026","82824","25571","16363","2323"
"07/19/2026","82857","25620","16357","2325"
"07/18/2026","82930","25596","16382","2323"
"07/17/2026","82855","25523","16384","2315"
"07/16/2026","82840","25601","16347","2317"
"07/15/2026","82818","25579","16355","2312"
"07/14/2026","82849","25611","16350","2307"
"07/13/2026","83070","25668","16386","2314"
"07/12/2026","83047","25634","16394","2315"
"07/11/2026","83136","25574","16429","2319"
"07/10/2026","83057","25558","16404","2312"
"07/09/2026","82940","25621","16348","2310"
"07/08/2026","82729","25535","16321","2291"
"07/07/2026","82890","25514","16378","2296"
"07/06/2026","82992","25470","16427","2317"
"07/05/2026","83043","25337","16479","2323"
"07/04/2026","83068","25328","16494","2324"
"07/03/2026","83037","25452","16457","2313"
"07/02/2026","82967","25455","16423","2316"
"07/01/2026","82840","25475","16386","2294"
"06/30/2026","82586","25457","16319","2283"
"06/29/2026","82754","25452","16377","2284"
"06/28/2026","82673","25365","16372","2295"
"06/27/2026","82740","25393","16385","2296"
"06/26/2026","82691","25415","16358","2294"
"06/25/2026","82648","25409","16347","2290"
"06/24/2026","82436","25424","16282","2281"
"06/23/2026","82657","25447","16346","2282"
"06/22/2026","82846","25461","16394","2289"
"06/21/2026","82792","25401","16393","2295"
"06/20/2026","82965","25502","16421","2289"
"06/19/2026","82780","25481","16375","2281"
"06/18/2026","82644","25447","16332","2283"
"06/17/2026","82522","25398","16319","2267"
"06/16/2026","82723","25466","16362","2271"
"06/15/2026","82623","25432","16341","2264"
"06/14/2026","82642","25332","16378","2273"
"06/13/2026","82584","25304","16373","2267"
"06/12/2026","82435","25263","16346","2256"
"06/11/2026","82533","25395","16330","2257"
"06/10/2026","82194","25278","16260","2260"
"06/09/2026","82309","25290","16293","2259"
"06/08/2026","82681","25295","16409","2267"
"06/07/2026","82635","25258","16394","2271"
"06/06/2026","82543","25274","16360","2265"
"06/05/2026","82530","25203","16377","2266"
"06/04/2026","82468","25219","16350","2261"
"06/03/2026","82443","25282","16320","2259"
"06/02/2026","82494","25313","16338","2245"
"06/01/2026","82881","25384","16439","2248"
"05/31/2026","82878","25352","16452","2248"
"05/30/2026","82684","25317","16407","2240"
"05/29/2026","82646","25394","16369","2233"
"05/28/2026","82640","25435","16345","2227"
"05/27/2026","82529","25415","16308","2228"
"05/26/2026","82740","25383","16383","2234"
"05/25/2026","82930","25376","16461","2231"
"05/24/2026","82850","25324","16440","2238"
"05/23/2026","82839","25431","16402","2239"
"05/22/2026","82770","25418","16382","2235"
"05/21/2026","82671","25415","16343","2236"
"05/20/2026","82528","25391","16309","2237"
"05/19/2026","82482","25350","16324","2222"
"05/18/2026","82850","25340","16446","2233"
"05/17/2026","82923","25256","16510","2227"
"05/16/2026","82788","25229","16474","2221"
"05/15/2026","82751","25326","16423","2226"
"05/14/2026","82877","25430","16432","2221"
"05/13/2026","82993","25479","16447","2229"
"05/12/2026","82738","25333","16416","2222"
"05/11/2026","83203","25387","16551","2245"
"05/10/2026","83172","25322","16563","2241"
"05/09/2026","83065","25319","16537","2239"
"05/08/2026","83041","25380","16502","2237"
"05/07/2026","82928","25412","16460","2239"
"05/06/2026","82875","25426","16443","2246"
"05/05/2026","83123","25457","16512","2261"
"05/04/2026","83524","25396","16635","2279"
"05/03/2026","83482","25375","16624","2273"
"05/02/2026","83277","25324","16571","2262"
"05/01/2026","83263","25346","16557","2265"
"04/30/2026","83290","25455","16531","2264"
"04/29/2026","83121","25470","16459","2260"
"04/28/2026","83282","25472","16502","2261"
"04/27/2026","83550","25486","16583","2263"
"04/26/2026","83545","25392","16618","2258"
"04/25/2026","83473","25403","16591","2257"
"04/24/2026","83389","25354","16583","2252"
"04/23/2026","83442","25410","16564","2263"
"04/22/2026","83503","25438","16570","2266"
"04/21/2026","83490","25397","16578","2267"
"04/20/2026","83756","25364","16674","2279"
"04/19/2026","83904","25338","16730","2282"
"04/18/2026","83720","25221","16711","2280"
"04/17/2026","83734","25224","16698","2285"
"04/16/2026","83669","25258","16666","2280"
"04/15/2026","83629","25376","16619","2277"
"04/14/2026","83846","25416","16691","2271"
"04/13/2026","84130","25425","16779","2267"
"04/12/2026","84079","25370","16786","2269"
"04/11/2026","83921","25311","16753","2267"
"04/10/2026","84012","25419","16736","2273"
"04/09/2026","83969","25449","16714","2263"
"04/08/2026","83931","25427","16721","2254"
"04/07/2026","84020","25382","16758","2256"
"04/06/2026","84158","25346","16817","2268"
"04/05/2026","84239","25303","16850","2267"
"04/04/2026","84126","25308","16814","2262"
"04/03/2026","84039","25309","16782","2263"
"04/02/2026","84031","25319","16779","2254"
"04/01/2026","83991","25306","16755","2256"
"03/31/2026","84195","25393","16789","2258"
"03/30/2026","84382","25354","16850","2256"
"03/29/2026","84259","25249","16847","2267"
"03/28/2026","84265","25196","16873","2265"
"03/27/2026","84187","25225","16839","2263"
"03/26/2026","84303","25305","16846","2267"
"03/25/2026","84177","25334","16798","2257"
"03/24/2026","84322","25386","16820","2251"
"03/23/2026","84673","25370","16928","2261"
"03/22/2026","84704","25244","16971","2263"
"03/21/2026","84605","25239","16943","2262"
"03/20/2026","84508","25233","16918","2256"
"03/19/2026","84498","25251","16900","2249"
"03/18/2026","84574","25288","16913","2241"
"03/17/2026","84811","25218","17013","2240"
"03/16/2026","84878","25103","17066","2257"
"03/15/2026","85061","25131","17115","2259"
"03/14/2026","84982","25156","17078","2255"
"03/13/2026","84899","25141","17060","2248"
"03/12/2026","85059","25238","17076","2257"
"03/11/2026","85078","25208","17090","2252"
"03/10/2026","85129","25175","17121","2256"
"03/09/2026","85485","25225","17221","2261"
"03/08/2026","85618","25251","17252","2257"
"03/07/2026","85551","25356","17201","2246"
"03/06/2026","85563","25385","17202","2234"
"03/05/2026","85471","25362","17178","2237"
"03/04/2026","85562","25320","17213","2245"
"03/03/2026","85684","25303","17241","2258"
"03/02/2026","85835","25291","17297","2255"
"03/01/2026","85828","25215","17314","2262"
"02/28/2026","85723","25225","17277","2258"
"02/27/2026","85770","25346","17255","2257"
"02/26/2026","85746","25326","17260","2255"
"02/25/2026","85785","25389","17253","2248"
"02/24/2026","85785","25323","17265","2262"
"02/23/2026","86037","25388","17330","2259"
"02/22/2026","86299","25446","17401","2246"
"02/21/2026","86151","25371","17376","2246"
"02/20/2026","86064","25352","17354","2239"
"02/19/2026","85928","25357","17303","2240"
"02/18/2026","85989","25365","17325","2236"
"02/17/2026","86144","25315","17384","2246"
"02/16/2026","86085","25273","17374","2241"
"02/15/2026","86117","25184","17409","2248"
"02/14/2026","86025","25220","17369","2243"
"02/13/2026","85989","25254","17347","2241"
"02/12/2026","86003","25295","17344","2225"
"02/11/2026","86182","25282","17399","2240"
"02/10/2026","86158","25300","17396","2247"
"02/09/2026","86424","25320","17466","2250"
"02/08/2026","86617","25300","17519","2256"
"02/07/2026","86543","25276","17501","2255"
"02/06/2026","86492","25251","17506","2244"
"02/05/2026","86490","25285","17506","2235"
"02/04/2026","86406","25301","17479","2228"
"02/03/2026","86416","25292","17483","2236"
"02/02/2026","86484","25266","17492","2245"
"02/01/2026","86667","25261","17548","2246"
"01/31/2026","86576","25231","17530","2239"
"01/30/2026","86411","25114","17515","2238"
"01/29/2026","86433","25233","17487","2238"
"01/28/2026","86349","25230","17456","2240"
"01/27/2026","86575","25124","17550","2250"
"01/26/2026","86696","25031","17614","2259"
"01/25/2026","86753","25066","17622","2255"
"01/24/2026","86672","25124","17582","2245"
"01/23/2026","86485","25097","17546","2232"
"01/22/2026","86461","25049","17548","2238"
"01/21/2026","86590","25091","17573","2230"
"01/20/2026","86624","25085","17582","2237"
"01/19/2026","86513","25051","17564","2222"
"01/18/2026","86425","24931","17575","2224"
"01/17/2026","86386","24857","17591","2222"
"01/16/2026","86271","24906","17542","2221"
"01/15/2026","86353","24908","17553","2230"
"01/14/2026","86220","24868","17540","2220"
"01/13/2026","86383","24942","17561","2220"
"01/12/2026","86553","24930","17621","2217"
"01/11/2026","86244","24814","17563","2207"
"01/10/2026","86188","24751","17564","2200"
"01/09/2026","85991","24700","17515","2195"
"01/08/2026","86222","24827","17557","2173"
"01/07/2026","86316","24764","17595","2186"
"01/06/2026","86249","24739","17568","2188"
"01/05/2026","86348","24762","17591","2195"
"01/04/2026","86321","24726","17600","2190"
"01/03/2026","86353","24665","17625","2195"
"01/02/2026","86374","24634","17645","2187"
"01/01/2026","86289","24599","17624","2189"
"12/31/2025","86154","24508","17617","2181"
"12/30/2025","86064","24530","17577","2185"
"12/29/2025","86178","24619","17579","2193"
"12/28/2025","86168","24558","17597","2188"
"12/27/2025","86261","24477","17657","2193"
"12/26/2025","86221","24479","17630","2204"
"12/25/2025","86177","24434","17637","2205"
"12/24/2025","86003","24427","17587","2208"
"12/23/2025","86038","24464","17584","2213"
"12/22/2025","86177","24558","17605","2217"
"12/21/2025","86264","24540","17641","2217"
"12/20/2025","86338","24466","17690","2211"
"12/19/2025","86268","24533","17649","2210"
"12/18/2025","86106","24548","17597","2202"
"12/17/2025","86167","24590","17617","2199"
"12/16/2025","86269","24688","17609","2211"
"12/15/2025","86360","24635","17651","2215"
"12/14/2025","86303","24511","17682","2213"
"12/13/2025","86288","24478","17689","2213"
"12/12/2025","86260","24526","17671","2206"
"12/11/2025","86202","24541","17639","2211"
"12/10/2025","86030","24541","17610","2197"
"12/09/2025","85901","24487","17581","2216"
"12/08/2025","85907","24452","17585","2218"
"12/07/2025","86017","24352","17660","2215"
"12/06/2025","86044","24383","17662","2212"
"12/05/2025","85904","24368","17621","2214"
"12/04/2025","85699","24322","17579","2213"
"12/03/2025","85810","24338","17615","2224"
"12/02/2025","85743","24345","17590","2230"
"12/01/2025","85693","24281","17601","2220"
"11/30/2025","85687","24193","17627","2226"
"11/29/2025","85740","24109","17672","2228"
"11/28/2025","85835","24146","17686","2231"
"11/27/2025","85737","24093","17675","2231"
"11/26/2025","85535","24118","17624","2215"
"11/25/2025","85516","24150","17613","2223"
"11/24/2025","85468","24212","17580","2223"
"11/23/2025","85593","24188","17632","2215"
"11/22/2025","85375","24089","17595","2220"
"11/21/2025","85184","24114","17525","2217"
"11/20/2025","85391","24298","17532","2205"
"11/19/2025","85438","24213","17555","2220"
"11/18/2025","85439","24174","17562","2223"
"11/17/2025","85305","24189","17525","2225"
"11/16/2025","85443","24124","17590","2215"
"11/15/2025","85465","24040","17637","2213"
"11/14/2025","85407","24065","17607","2214"
"11/13/2025","85519","24145","17606","2221"
"11/12/2025","85497","24141","17596","2224"
"11/11/2025","85479","24072","17608","2230"
"11/10/2025","85405","24041","17597","2227"
"11/09/2025","85279","23920","17598","2227"
"11/08/2025","85254","23832","17619","2229"
"11/07/2025","85241","23889","17594","2228"
"11/06/2025","85101","23873","17552","2231"
"11/05/2025","85028","23833","17546","2241"
"11/04/2025","85116","23751","17602","2247"
"11/03/2025","84938","23770","17535","2244"
"11/02/2025","85063","23726","17602","2246"
"11/01/2025","85037","23689","17612","2237"
"10/31/2025","85011","23639","17616","2240"
"10/30/2025","85124","23648","17652","2239"
"10/29/2025","85224","23721","17664","2234"
"10/28/2025","85362","23697","17698","2238"
"10/27/2025","85549","23719","17740","2250"
"10/26/2025","85624","23643","17786","2245"
"10/25/2025","85460","23547","17772","2239"
"10/24/2025","85645","23627","17791","2250"
"10/23/2025","85617","23700","17773","2240"
"10/22/2025","85956","23732","17864","2241"
"10/21/2025","86050","23766","17875","2245"
"10/20/2025","85979","23711","17876","2238"
"10/19/2025","85976","23659","17887","2235"
"10/18/2025","85917","23610","17887","2240"
"10/17/2025","85923","23637","17891","2227"
"10/16/2025","85942","23589","17907","2231"
"10/15/2025","86060","23649","17912","2239"
"10/14/2025","86103","23626","17942","2243"
"10/13/2025","86056","23678","17908","2238"
"10/12/2025","85964","23561","17922","2233"
"10/11/2025","85832","23467","17914","2224"
"10/10/2025","85716","23499","17858","2221"
"10/09/2025","85926","23523","17898","2240"
"10/08/2025","85913","23447","17919","2240"
"10/07/2025","85774","23390","17873","2245"
"10/06/2025","85814","23382","17900","2237"
"10/05/2025","85830","23298","17919","2243"
"10/04/2025","85797","23261","17921","2243"
"10/03/2025","85721","23254","17888","2244"
"10/02/2025","85800","23365","17890","2246"
"10/01/2025","85828","23340","17903","2254"
"09/30/2025","85905","23308","17933","2256"
"09/29/2025","85855","23304","17909","2263"
"09/28/2025","85851","23241","17939","2258"
"09/27/2025","85716","23183","17916","2256"
"09/26/2025","85710","23211","17902","2257"
"09/25/2025","85714","23236","17878","2260"
"09/24/2025","85745","23301","17863","2258"
"09/23/2025","85566","23235","17833","2253"
"09/22/2025","85647","23181","17863","2252"
"09/21/2025","85747","23115","17906","2262"
"09/20/2025","85599","23011","17903","2257"
"09/19/2025","85459","23030","17853","2247"
"09/18/2025","85638","23099","17891","2250"
"09/17/2025","85774","23242","17889","2246"
"09/16/2025","85654","23157","17881","2239"
"09/15/2025","85773","23148","17918","2253"
"09/14/2025","85633","23009","17919","2255"
"09/13/2025","85661","22969","17931","2253"
"09/12/2025","85719","23072","17919","2256"
"09/11/2025","85801","23136","17930","2242"
"09/10/2025","85839","23138","17942","2235"
"09/09/2025","85682","23068","17912","2231"
"09/08/2025","85748","23033","17928","2244"
"09/07/2025","85789","23051","17926","2244"
"09/06/2025","85733","23011","17930","2235"
"09/05/2025","85699","22997","17915","2241"
"09/04/2025","85683","22968","17926","2241"
"09/03/2025","85702","22988","17917","2239"
"09/02/2025","85731","23007","17919","2234"
"09/01/2025","85652","22939","17918","2232"
"08/31/2025","85530","22876","17904","2221"
"08/30/2025","85517","22860","17912","2223"
"08/29/2025","85519","22832","17911","2225"
"08/28/2025","85593","22979","17892","2212"
"08/27/2025","85606","23006","17879","2225"
"08/26/2025","85576","22956","17891","2223"
"08/25/2025","85685","22910","17919","2238"
"08/24/2025","85579","22824","17923","2230"
"08/23/2025","85625","22791","17946","2234"
"08/22/2025","85611","22838","17925","2229"
"08/21/2025","85541","22856","17904","2234"
"08/20/2025","85544","22838","17912","2229"
"08/19/2025","85398","22822","17872","2232"
"08/18/2025","85383","22875","17849","2238"
"08/17/2025","85500","22831","17905","2237"
"08/16/2025","85451","22813","17894","2232"
"08/15/2025","85290","22819","17841","2234"
"08/14/2025","85522","22914","17898","2225"
"08/13/2025","85430","22872","17887","2230"
"08/12/2025","85415","22841","17881","2237"
"08/11/2025","85521","22885","17896","2250"
"08/10/2025","85488","22846","17902","2237"
"08/09/2025","85411","22760","17908","2230"
"08/08/2025","85416","22808","17893","2228"
"08/07/2025","85526","22869","17914","2224"
"08/06/2025","85556","22871","17903","2232"
"08/05/2025","85576","22836","17921","2233"
"08/04/2025","85498","22764","17923","2234"
"08/03/2025","85481","22755","17924","2235"
"08/02/2025","85494","22742","17931","2242"
"08/01/2025","85524","22813","17923","2241"
"07/31/2025","85503","22858","17903","2239"
"07/30/2025","85340","22776","17898","2225"
"07/29/2025","85456","22849","17899","2236"
"07/28/2025","85341","22815","17868","2243"
"07/27/2025","85129","22682","17845","2240"
"07/26/2025","85390","22689","17938","2238"
"07/25/2025","85392","22690","17929","2243"
"07/24/2025","85499","22780","17937","2243"
"07/23/2025","85547","22781","17951","2241"
"07/22/2025","85614","22830","17965","2239"
"07/21/2025","85530","22745","17945","2252"
"07/20/2025","85547","22621","17985","2253"
"07/19/2025","85408","22518","17979","2251"
"07/18/2025","85500","22610","17970","2248"
"07/17/2025","85550","22643","17968","2251"
"07/16/2025","85549","22635","17975","2252"
"07/15/2025","85606","22679","17968","2265"
"07/14/2025","85679","22636","18006","2258"
"07/13/2025","85635","22591","18011","2265"
"07/12/2025","85459","22540","17977","2260"
"07/11/2025","85489","22604","17974","2237"
"07/10/2025","85608","22576","18024","2239"
"07/09/2025","85772","22702","18032","2253"
"07/08/2025","85696","22649","18007","2256"
"07/07/2025","85726","22649","18005","2266"
"07/06/2025","85753","22485","18064","2277"
"07/05/2025","85793","22453","18090","2282"
"07/04/2025","85697","22457","18055","2282"
"07/03/2025","85656","22468","18040","2278"
"07/02/2025","85816","22578","18055","2281"
"07/01/2025","86010","22637","18084","2286"
"06/30/2025","86092","22632","18118","2277"
"06/29/2025","85996","22563","18116","2270"
"06/28/2025","85891","22556","18088","2257"
"06/27/2025","85966","22661","18077","2268"
"06/26/2025","86060","22619","18120","2278"
"06/25/2025","85984","22600","18089","2279"
"06/24/2025","86033","22611","18089","2299"
"06/23/2025","85930","22576","18067","2285"
"06/22/2025","86050","22531","18127","2282"
"06/21/2025","85993","22475","18130","2281"
"06/20/2025","86122","22537","18146","2283"
"06/19/2025","86158","22597","18141","2273"
"06/18/2025","86114","22568","18135","2267"
"06/17/2025","86102","22549","18139","2271"
"06/16/2025","86059","22477","18156","2251"
"06/15/2025","86099","22456","18174","2244"
"06/14/2025","86024","22393","18175","2242"
"06/13/2025","85944","22339","18178","2243"
"06/12/2025","86096","22433","18207","2226"
"06/11/2025","86097","22405","18221","2219"
"06/10/2025","86063","22425","18212","2209"
"06/09/2025","86108","22370","18232","2217"
"06/08/2025","86181","22340","18260","2222"
"06/07/2025","86025","22269","18239","2224"
"06/06/2025","85995","22248","18235","2219"
"06/05/2025","85901","22206","18222","2201"
"06/04/2025","85946","22155","18247","2206"
"06/03/2025","86205","22284","18284","2210"
"06/02/2025","86299","22293","18315","2214"
"06/01/2025","86147","22193","18311","2208"
"05/31/2025","86092","22184","18292","2205"
"05/30/2025","85912","22067","18281","2196"
"05/29/2025","86134","22195","18296","2201"
"05/28/2025","86234","22246","18309","2202"
"05/27/2025","86109","22180","18280","2213"
"05/26/2025","85998","22039","18306","2203"
"05/25/2025","86001","22119","18293","2195"
"05/24/2025","86071","22123","18312","2201"
"05/23/2025","86004","22171","18263","2203"
"05/22/2025","86007","22235","18259","2175"
"05/21/2025","86023","22224","18286","2163"
"05/20/2025","85923","22208","18245","2178"
"05/19/2025","85999","22136","18287","2178"
"05/18/2025","85972","22047","18312","2166"
"05/17/2025","85814","22026","18266","2165"
"05/16/2025","85736","22069","18233","2149"
"05/15/2025","85730","22056","18218","2156"
"05/14/2025","85757","22086","18221","2158"
"05/13/2025","85712","22041","18217","2153"
"05/12/2025","85810","22022","18257","2146"
"05/11/2025","85752","21992","18245","2146"
"05/10/2025","85667","21965","18219","2148"
"05/09/2025","85766","22016","18233","2151"
"05/08/2025","85844","22074","18230","2162"
"05/07/2025","85824","22020","18252","2147"
"05/06/2025","85745","22031","18226","2142"
"05/05/2025","85817","21954","18272","2129"
"05/04/2025","85776","21903","18284","2125"
"05/03/2025","85507","21779","18248","2111"
"05/02/2025","85615","21855","18254","2110"
"05/01/2025","85639","21913","18270","2088"
"04/30/2025","85783","21927","18310","2084"
"04/29/2025","85810","22000","18298","2079"
"04/28/2025","85953","22112","18296","2081"
"04/27/2025","85797","21999","18283","2081"
"04/26/2025","85540","21891","18244","2078"
"04/25/2025","85526","21891","18246","2072"
"04/24/2025","85450","21926","18212","2066"
"04/23/2025","85512","21920","18247","2057"
"04/22/2025","85509","21970","18232","2044"
"04/21/2025","85515","21949","18253","2036"
"04/20/2025","85410","21883","18253","2017"
"04/19/2025","85385","21836","18259","2019"
"04/18/2025","85182","21888","18191","2006"
"04/17/2025","85213","22002","18171","1989"
"04/16/2025","85270","21974","18208","1993"
"04/15/2025","85260","21970","18206","1985"
"04/14/2025","85344","21995","18221","1981"
"04/13/2025","85205","21958","18205","1982"
"04/12/2025","85093","21929","18175","1987"
"04/11/2025","84969","21962","18143","1963"
"04/10/2025","85017","21930","18181","1970"
"04/09/2025","84999","21962","18161","1971"
"04/08/2025","84894","21980","18132","1956"
"04/07/2025","84822","21961","18111","1951"
"04/06/2025","84806","21905","18119","1949"
"04/05/2025","84692","21912","18098","1938"
"04/04/2025","84533","21804","18084","1935"
"04/03/2025","84588","21941","18073","1930"
"04/02/2025","84695","21965","18097","1940"
"04/01/2025","84602","21938","18065","1946"
"03/31/2025","84612","21884","18090","1939"
"03/30/2025","84721","21891","18120","1943"
"03/29/2025","84587","21826","18106","1936"
"03/28/2025","84574","21861","18086","1935"
"03/27/2025","84566","21898","18077","1929"
"03/26/2025","84638","21953","18083","1924"
"03/25/2025","84670","21899","18104","1932"
"03/24/2025","84744","21893","18129","1937"
"03/23/2025","84828","21912","18150","1937"
"03/22/2025","84722","21849","18141","1943"
"03/21/2025","84757","21886","18138","1940"
"03/20/2025","84704","21902","18119","1929"
"03/19/2025","84785","21907","18142","1937"
"03/18/2025","84796","21919","18140","1944"
"03/17/2025","84824","21913","18148","1957"
"03/16/2025","84698","21861","18135","1948"
"03/15/2025","84673","21851","18134","1945"
"03/14/2025","84477","21813","18086","1946"
"03/13/2025","84456","21805","18093","1944"
"03/12/2025","84515","21832","18105","1942"
"03/11/2025","84526","21885","18093","1946"
"03/10/2025","84604","21882","18103","1959"
"03/09/2025","84688","21912","18130","1951"
"03/08/2025","84632","21857","18133","1959"
"03/07/2025","84648","21874","18131","1958"
"03/06/2025","84533","21908","18090","1953"
"03/05/2025","84533","21955","18076","1954"
"03/04/2025","84629","21876","18125","1954"
"03/03/2025","84746","21899","18141","1956"
"03/02/2025","84843","21908","18173","1956"
"03/01/2025","84760","21859","18176","1948"
"02/28/2025","84633","21857","18144","1944"
"02/27/2025","84796","21869","18177","1950"
"02/26/2025","84848","21939","18163","1951"
"02/25/2025","84846","21944","18160","1960"
"02/24/2025","84795","21987","18134","1955"
"02/23/2025","84696","21949","18123","1951"
"02/22/2025","84677","21965","18121","1945"
"02/21/2025","84706","22050","18105","1939"
"02/20/2025","84870","22075","18135","1956"
"02/19/2025","85005","22084","18172","1960"
"02/18/2025","85057","22028","18203","1952"
"02/17/2025","84900","22020","18170","1941"
"02/16/2025","84846","21945","18176","1946"
"02/15/2025","84836","21891","18182","1948"
"02/14/2025","84944","21967","18195","1945"
"02/13/2025","85022","22051","18189","1950"
"02/12/2025","85163","22005","18250","1956"
"02/11/2025","85050","22029","18223","1933"
"02/10/2025","85104","22018","18237","1937"
"02/09/2025","85142","21922","18278","1930"
"02/08/2025","85132","21912","18279","1931"
"02/07/2025","85266","21998","18283","1927"
"02/06/2025","85457","21981","18346","1929"
"02/05/2025","85559","21941","18396","1938"
"02/04/2025","85464","21866","18398","1933"
"02/03/2025","85807","21848","18509","1927"
"02/02/2025","86025","21882","18565","1926"
"02/01/2025","85978","21833","18573","1924"
"01/31/2025","86114","21851","18607","1923"
"01/30/2025","86339","21918","18656","1919"
"01/29/2025","86416","21845","18698","1916"
"01/28/2025","86468","21838","18711","1914"
"01/27/2025","86525","21862","18719","1915"
"01/26/2025","86458","21804","18711","1914"
"01/25/2025","86536","21820","18736","1916"
"01/24/2025","86523","21845","18745","1902"
"01/23/2025","86610","21885","18747","1908"
"01/22/2025","86783","21929","18783","1916"
"01/21/2025","87101","21943","18876","1916"
"01/20/2025","87125","21917","18897","1909"
"01/19/2025","86938","21819","18864","1905"
"01/18/2025","86992","21847","18878","1902"
"01/17/2025","87015","21909","18869","1902"
"01/16/2025","87090","21896","18902","1902"
"01/15/2025","87098","21889","18911","1899"
"01/14/2025","87147","21883","18924","1898"
"01/13/2025","86951","21790","18875","1904"
"01/12/2025","87116","21781","18932","1902"
"01/11/2025","86995","21717","18920","1892"
"01/10/2025","87144","21773","18950","1895"
"01/09/2025","87111","21735","18960","1895"
"01/08/2025","87086","21738","18940","1899"
"01/07/2025","87024","21692","18932","1892"
"01/06/2025","86919","21709","18896","1895"
"01/05/2025","86881","21624","18927","1894"
"01/04/2025","86795","21597","18905","1899"
"01/03/2025","86697","21578","18883","1899"
"01/02/2025","86707","21566","18896","1903"
"01/01/2025","86669","21464","18907","1914"
"12/31/2024","86340","21295","18863","1900"
"12/30/2024","86428","21514","18831","1900"
"12/29/2024","86795","21543","18956","1901"
"12/28/2024","86817","21542","18968","1906"
"12/27/2024","86779","21501","18979","1906"
"12/26/2024","86838","21480","19011","1898"
"12/25/2024","86887","21477","19028","1898"
"12/24/2024","86856","21469","19024","1888"
"12/23/2024","87023","21566","19044","1895"
"12/22/2024","86849","21512","19021","1891"
"12/21/2024","86699","21525","18972","1892"
"12/20/2024","86674","21494","18979","1886"
"12/19/2024","86768","21550","18989","1889"
"12/18/2024","86858","21547","19012","1888"
"12/17/2024","86782","21524","18982","1886"
"12/16/2024","86917","21515","19049","1881"
"12/15/2024","86957","21535","19052","1882"
"12/14/2024","86688","21452","18998","1881"
"12/13/2024","86663","21479","18984","1883"
"12/12/2024","86796","21505","19015","1885"
"12/11/2024","86914","21432","19064","1884"
"12/10/2024","86833","21370","19053","1887"
"12/09/2024","86805","21373","19037","1879"
"12/08/2024","86965","21416","19094","1870"
"12/07/2024","86789","21379","19051","1873"
"12/06/2024","86993","21332","19121","1877"
"12/05/2024","87226","21510","19142","1874"
"12/04/2024","87295","21519","19152","1878"
"12/03/2024","87206","21414","19160","1876"
"12/02/2024","87230","21502","19134","1882"
"12/01/2024","87322","21514","19158","1880"
"11/30/2024","87164","21454","19123","1874"
"11/29/2024","87312","21411","19176","1884"
"11/28/2024","87414","21401","19202","1890"
"11/27/2024","87382","21483","19174","1871"
"11/26/2024","87258","21502","19126","1884"
"11/25/2024","87228","21508","19102","1900"
"11/24/2024","87190","21497","19091","1890"
"11/23/2024","87397","21486","19151","1898"
"11/22/2024","87392","21538","19131","1904"
"11/21/2024","87434","21522","19139","1915"
"11/20/2024","87516","21513","19164","1902"
"11/19/2024","87526","21481","19164","1900"
"11/18/2024","87475","21474","19150","1894"
"11/17/2024","87615","21477","19193","1894"
"11/16/2024","87462","21439","19157","1887"
"11/15/2024","87568","21475","19176","1905"
"11/14/2024","87669","21569","19195","1897"
"11/13/2024","87633","21574","19185","1901"
"11/12/2024","87492","21582","19140","1890"
"11/11/2024","87449","21577","19127","1882"
"11/10/2024","87460","21527","19147","1885"
"11/09/2024","87339","21458","19140","1884"
"11/08/2024","87212","21451","19096","1886"
"11/07/2024","87335","21532","19108","1884"
"11/06/2024","87309","21490","19102","1891"
"11/05/2024","87225","21557","19060","1890"
"11/04/2024","87198","21604","19047","1884"
"11/03/2024","87165","21547","19051","1878"
"11/02/2024","87021","21400","19051","1874"
"11/01/2024","87198","21371","19108","1887"
"10/31/2024","87220","21437","19096","1881"
"10/30/2024","87206","21438","19086","1883"
"10/29/2024","87224","21493","19076","1868"
"10/28/2024","87228","21458","19073","1874"
"10/27/2024","87274","21399","19116","1865"
"10/26/2024","87186","21327","19122","1870"
"10/25/2024","87136","21354","19095","1875"
"10/24/2024","87151","21349","19100","1874"
"10/23/2024","87143","21317","19114","1871"
"10/22/2024","87130","21321","19103","1871"
"10/21/2024","87167","21295","19114","1887"
"10/20/2024","87166","21227","19132","1879"
"10/19/2024","87127","21197","19129","1873"
"10/18/2024","87125","21209","19134","1867"
"10/17/2024","87340","21272","19167","1877"
"10/16/2024","87464","21290","19194","1871"
"10/15/2024","87543","21232","19246","1875"
"10/14/2024","87431","21132","19249","1862"
"10/13/2024","87206","20984","19227","1852"
"10/12/2024","87236","20944","19239","1867"
"10/11/2024","87285","20943","19244","1866"
"10/10/2024","87301","20959","19248","1865"
"10/09/2024","87301","20899","19266","1864"
"10/08/2024","87218","20871","19245","1863"
"10/07/2024","87136","20790","19235","1876"
"10/06/2024","86899","20748","19186","1862"
"10/05/2024","86749","20656","19162","1866"
"10/04/2024","87158","20633","19304","1872"
"10/03/2024","87247","20747","19287","1872"
"10/02/2024","87422","20728","19354","1871"
"10/01/2024","87433","20758","19344","1880"
"09/30/2024","87452","20740","19354","1869"
"09/29/2024","87480","20704","19369","1868"
"09/28/2024","87378","20640","19343","1876"
"09/27/2024","87239","20611","19316","1860"
"09/26/2024","87303","20679","19316","1865"
"09/25/2024","87368","20643","19341","1864"
"09/24/2024","87277","20646","19307","1864"
"09/23/2024","87237","20620","19306","1863"
"09/22/2024","87221","20582","19319","1854"
"09/21/2024","87235","20515","19334","1866"
"09/20/2024","87175","20523","19305","1866"
"09/19/2024","87344","20617","19330","1862"
"09/18/2024","87302","20601","19329","1858"
"09/17/2024","87389","20615","19342","1861"
"09/16/2024","87372","20595","19342","1861"
"09/15/2024","87323","20505","19364","1856"
"09/14/2024","87095","20320","19351","1845"
"09/13/2024","87316","20520","19357","1850"
"09/12/2024","87520","20579","19403","1858"
"09/11/2024","87554","20546","19407","1859"
"09/10/2024","87450","20444","19404","1865"
"09/09/2024","87685","20595","19440","1868"
"09/08/2024","87793","20532","19488","1866"
"09/07/2024","87591","20474","19446","1859"
"09/06/2024","87543","20435","19432","1851"
"09/05/2024","87755","20485","19483","1843"
"09/04/2024","87784","20508","19482","1852"
"09/03/2024","87950","20547","19505","1864"
"09/02/2024","87925","20463","19527","1853"
"09/01/2024","87822","20388","19514","1848"
"08/31/2024","87766","20423","19483","1854"
"08/30/2024","87754","20418","19482","1856"
"08/29/2024","87688","20483","19442","1850"
"08/28/2024","87733","20491","19442","1863"
"08/27/2024","87495","20369","19412","1867"
"08/26/2024","87683","20535","19397","1870"
"08/25/2024","87689","20454","19433","1869"
"08/24/2024","87634","20350","19437","1875"
"08/23/2024","87596","20405","19411","1869"
"08/22/2024","87715","20549","19409","1865"
"08/21/2024","87685","20504","19408","1865"
"08/20/2024","87649","20540","19389","1863"
"08/19/2024","87498","20468","19351","1874"
"08/18/2024","87501","20442","19365","1876"
"08/17/2024","87412","20344","19382","1854"
"08/16/2024","87594","20380","19402","1869"
"08/15/2024","87729","20409","19439","1874"
"08/14/2024","87679","20404","19421","1869"
"08/13/2024","87492","20371","19378","1861"
"08/12/2024","87545","20328","19411","1873"
"08/11/2024","87578","20313","19445","1859"
"08/10/2024","87514","20261","19441","1860"
"08/09/2024","87518","20289","19424","1866"
"08/08/2024","87573","20327","19431","1859"
"08/07/2024","87440","20233","19420","1853"
"08/06/2024","87372","20157","19423","1862"
"08/05/2024","87274","20112","19407","1856"
"08/04/2024","87149","20053","19379","1850"
"08/03/2024","87010","19992","19358","1850"
"08/02/2024","87005","20005","19339","1854"
"08/01/2024","87064","20040","19325","1861"
"07/31/2024","87040","19970","19334","1875"
"07/30/2024","87057","19990","19324","1886"
"07/29/2024","87019","19995","19318","1885"
"07/28/2024","86818","19844","19307","1881"
"07/27/2024","86700","19816","19281","1881"
"07/26/2024","86773","19923","19262","1889"
"07/25/2024","86835","19960","19274","1893"
"07/24/2024","86776","19972","19242","1897"
"07/23/2024","86733","19951","19225","1908"
"07/22/2024","86573","19886","19184","1903"
"07/21/2024","86625","19815","19217","1903"
"07/20/2024","86679","19800","19247","1899"
"07/19/2024","86634","19822","19226","1899"
"07/18/2024","86658","19847","19217","1887"
"07/17/2024","86724","19946","19209","1894"
"07/16/2024","86837","19987","19224","1892"
"07/15/2024","86690","19932","19191","1884"
"07/14/2024","86620","19870","19185","1892"
"07/13/2024","86558","19786","19186","1901"
"07/12/2024","86512","19761","19180","1902"
"07/11/2024","86494","19720","19185","1901"
"07/10/2024","86416","19744","19153","1893"
"07/09/2024","86572","19810","19182","1889"
"07/08/2024","86568","19777","19188","1896"
"07/07/2024","86381","19684","19174","1875"
"07/06/2024","86293","19672","19142","1882"
"07/05/2024","86459","19807","19149","1890"
"07/04/2024","86469","19744","19178","1886"
"07/03/2024","86608","19940","19165","1871"
"07/02/2024","86880","19992","19213","1876"
"07/01/2024","87113","20160","19243","1877"
"06/30/2024","87036","20075","19249","1869"
"06/29/2024","86908","20069","19213","1868"
"06/28/2024","86886","20065","19201","1871"
"06/27/2024","87047","20282","19192","1859"
"06/26/2024","87016","20261","19178","1860"
"06/25/2024","87068","20257","19202","1860"
"06/24/2024","87031","20304","19170","1872"
"06/23/2024","86958","20310","19144","1869"
"06/22/2024","86878","20288","19117","1875"
"06/21/2024","86839","20295","19099","1877"
"06/20/2024","86907","20377","19106","1867"
"06/19/2024","86888","20379","19097","1862"
"06/18/2024","86671","20315","19058","1863"
"06/17/2024","86784","20379","19078","1867"
"06/16/2024","86769","20333","19084","1871"
"06/15/2024","86707","20333","19061","1878"
"06/14/2024","86711","20380","19045","1866"
"06/13/2024","86644","20373","19030","1853"
"06/12/2024","86572","20411","18998","1848"
"06/11/2024","86755","20477","19037","1850"
"06/10/2024","86714","20424","19028","1858"
"06/09/2024","86511","20333","19002","1844"
"06/08/2024","86470","20363","18979","1843"
"06/07/2024","86527","20367","18976","1861"
"06/06/2024","86636","20437","18987","1866"
"06/05/2024","86632","20465","18975","1862"
"06/04/2024","86447","20435","18927","1856"
"06/03/2024","86451","20350","18938","1866"
"06/02/2024","86387","20339","18927","1856"
"06/01/2024","86376","20303","18947","1852"
"05/31/2024","86444","20365","18943","1851"
"05/30/2024","86450","20373","18949","1856"
"05/29/2024","86432","20348","18955","1853"
"05/28/2024","86463","20387","18957","1851"
"05/27/2024","86394","20287","18977","1833"
"05/26/2024","86347","20249","18962","1839"
"05/25/2024","86231","20183","18942","1836"
"05/24/2024","86297","20245","18930","1842"
"05/23/2024","86279","20244","18925","1839"
"05/22/2024","86329","20297","18927","1834"
"05/21/2024","86411","20338","18942","1828"
"05/20/2024","86352","20318","18937","1831"
"05/19/2024","86294","20281","18934","1828"
"05/18/2024","86182","20240","18914","1826"
"05/17/2024","86333","20213","18962","1834"
"05/16/2024","86479","20276","18991","1826"
"05/15/2024","86634","20272","19030","1844"
"05/14/2024","86482","20252","18987","1850"
"05/13/2024","86463","20298","18970","1829"
"05/12/2024","86553","20231","19036","1824"
"05/11/2024","86577","20319","18999","1831"
"05/10/2024","86577","20320","19002","1837"
"05/09/2024","86858","20474","19028","1840"
"05/08/2024","86814","20417","19021","1847"
"05/07/2024","86765","20431","19006","1843"
"05/06/2024","86812","20465","19002","1847"
"05/05/2024","86760","20416","18999","1846"
"05/04/2024","86692","20391","18980","1853"
"05/03/2024","86622","20397","18949","1860"
"05/02/2024","86658","20448","18941","1861"
"05/01/2024","86457","20425","18887","1856"
"04/30/2024","86383","20393","18873","1850"
"04/29/2024","86316","20324","18865","1859"
"04/28/2024","86218","20235","18860","1845"
"04/27/2024","86183","20246","18844","1847"
"04/26/2024","86104","20273","18809","1854"
"04/25/2024","86163","20324","18824","1849"
"04/24/2024","86208","20338","18826","1858"
"04/23/2024","86051","20311","18775","1857"
"04/22/2024","85965","20209","18775","1864"
"04/21/2024","85891","20138","18780","1850"
"04/20/2024","85830","20067","18784","1858"
"04/19/2024","86085","20164","18838","1858"
"04/18/2024","86238","20160","18883","1860"
"04/17/2024","86047","20067","18857","1848"
"04/16/2024","85931","20002","18847","1857"
"04/15/2024","84818","19916","18577","1864"
"04/14/2024","84897","19887","18608","1861"
"04/13/2024","84953","19955","18585","1880"
"04/12/2024","84983","19943","18594","1886"
"04/11/2024","85189","20043","18614","1905"
"04/10/2024","85243","19975","18599","1972"
"04/09/2024","85290","19958","18600","1998"
"04/08/2024","85345","19931","18631","2004"
"04/07/2024","85271","19754","18647","2027"
"04/06/2024","85208","19730","18639","2025"
"04/05/2024","85476","19907","18663","2029"
"04/04/2024","85410","19941","18633","2029"
"04/03/2024","85361","19952","18627","2028"
"04/02/2024","85292","19902","18619","2026"
"04/01/2024","85279","19851","18634","2033"
"03/31/2024","85371","19813","18667","2032"
"03/30/2024","85323","19855","18638","2033"
"03/29/2024","85348","19887","18629","2039"
"03/28/2024","85481","19906","18670","2034"
"03/27/2024","85405","19910","18638","2038"
"03/26/2024","85333","19982","18605","2036"
"03/25/2024","85471","19985","18635","2039"
"03/24/2024","85583","19968","18691","2032"
"03/23/2024","85549","19967","18673","2046"
"03/22/2024","85653","19983","18700","2043"
"03/21/2024","85802","20020","18723","2050"
"03/20/2024","85746","19977","18735","2044"
"03/19/2024","85770","19976","18737","2049"
"03/18/2024","85834","19955","18760","2050"
"03/17/2024","86122","19867","18892","2046"
"03/16/2024","85984","19783","18865","2054"
"03/15/2024","86059","19831","18869","2054"
"03/14/2024","86088","19906","18863","2054"
"03/13/2024","86104","19862","18877","2068"
"03/12/2024","86058","19788","18882","2084"
"03/11/2024","86222","19796","18938","2080"
"03/10/2024","86198","19771","18941","2072"
"03/09/2024","86152","19782","18934","2071"
"03/08/2024","86270","19710","18982","2071"
"03/07/2024","86184","19660","18961","2080"
"03/06/2024","86360","19736","18983","2090"
"03/05/2024","86566","19788","19033","2098"
"03/04/2024","86805","19767","19057","2179"
"03/03/2024","86802","19671","19070","2201"
"03/02/2024","86747","19696","19050","2197"
"03/01/2024","86845","19691","19086","2208"
"02/29/2024","86934","19776","19080","2219"
"02/28/2024","87082","19819","19096","2231"
"02/27/2024","87159","19875","19090","2246"
"02/26/2024","87315","19944","19106","2250"
"02/25/2024","87494","19987","19159","2241"
"02/24/2024","87509","19977","19164","2252"
"02/23/2024","87507","19972","19148","2260"
"02/22/2024","87627","20005","19165","2272"
"02/21/2024","87731","19986","19199","2268"
"02/20/2024","87859","20020","19220","2283"
"02/19/2024","87857","20026","19221","2275"
"02/18/2024","87986","20074","19244","2273"
"02/17/2024","88004","20160","19215","2279"
"02/16/2024","88097","20157","19243","2283"
"02/15/2024","88259","20252","19258","2291"
"02/14/2024","88242","20179","19286","2289"
"02/13/2024","88341","20211","19309","2299"
"02/12/2024","88287","20155","19322","2286"
"02/11/2024","88437","20173","19370","2277"
"02/10/2024","88488","20234","19357","2286"
"02/09/2024","88652","20276","19398","2285"
"02/08/2024","88721","20386","19372","2301"
"02/07/2024","88998","20529","19420","2299"
"02/06/2024","89157","20581","19461","2286"
"02/05/2024","89087","20522","19448","2292"
"02/04/2024","89018","20399","19480","2282"
"02/03/2024","89167","20386","19533","2293"
"02/02/2024","89135","20416","19506","2292"
"02/01/2024","89186","20467","19508","2288"
"01/31/2024","88964","20549","19439","2280"
"01/30/2024","89145","20566","19489","2287"
"01/29/2024","89111","20474","19505","2286"
"01/28/2024","89000","20356","19513","2281"
"01/27/2024","88981","20319","19523","2283"
"01/26/2024","88981","20313","19526","2281"
"01/25/2024","89090","20386","19525","2291"
"01/24/2024","89120","20362","19536","2305"
"01/23/2024","89041","20322","19524","2298"
"01/22/2024","89034","20273","19523","2306"
"01/21/2024","89023","20307","19527","2295"
"01/20/2024","88997","20312","19518","2293"
"01/19/2024","88996","20272","19543","2283"
"01/18/2024","89179","20430","19556","2286"
"01/17/2024","89163","20354","19579","2292"
"01/16/2024","89324","20462","19590","2289"
"01/15/2024","89351","20472","19611","2275"
"01/14/2024","89448","20467","19641","2285"
"01/13/2024","89230","20419","19596","2283"
"01/12/2024","89348","20429","19627","2278"
"01/11/2024","89468","20569","19620","2284"
"01/10/2024","89402","20557","19602","2277"
"01/09/2024","89182","20366","19590","2282"
"01/08/2024","89129","20455","19554","2275"
"01/07/2024","89165","20553","19546","2271"
"01/06/2024","88919","20449","19496","2259"
"01/05/2024","88925","20475","19483","2258"
"01/04/2024","88889","20520","19452","2255"
"01/03/2024","88981","20554","19472","2253"
"01/02/2024","89159","20644","19485","2260"
"01/01/2024","88934","20359","19492","2274"
"12/31/2023","88774","20440","19423","2253"
"12/30/2023","88805","20609","19383","2247"
"12/29/2023","88619","20615","19333","2251"
"12/28/2023","88682","20759","19316","2247"
"12/27/2023","88721","20690","19358","2245"
"12/26/2023","88502","20668","19291","2247"
"12/25/2023","88571","20680","19313","2234"
"12/24/2023","88522","20671","19304","2220"
"12/23/2023","88554","20710","19302","2212"
"12/22/2023","88640","20760","19302","2216"
"12/21/2023","88924","20907","19340","2211"
"12/20/2023","89105","21034","19356","2227"
"12/19/2023","89263","21148","19384","2225"
"12/18/2023","89192","21050","19392","2226"
"12/17/2023","89167","21052","19380","2232"
"12/16/2023","89121","21034","19360","2237"
"12/15/2023","89154","21114","19355","2243"
"12/14/2023","89190","21116","19358","2240"
"12/13/2023","89399","21237","19372","2240"
"12/12/2023","89508","21366","19369","2241"
"12/11/2023","89460","21345","19363","2233"
"12/10/2023","89558","21330","19393","2236"
"12/09/2023","89421","21226","19376","2238"
"12/08/2023","89344","21247","19348","2241"
"12/07/2023","89393","21331","19347","2233"
"12/06/2023","89437","21305","19352","2245"
"12/05/2023","89321","21209","19350","2239"
"12/04/2023","89441","21145","19389","2252"
"12/03/2023","89431","21130","19398","2245"
"12/02/2023","89355","21105","19377","2251"
"12/01/2023","89260","21138","19331","2260"
"11/30/2023","89296","21152","19320","2267"
"11/29/2023","89205","21091","19316","2270"
"11/28/2023","89219","21151","19301","2258"
"11/27/2023","89218","21089","19309","2271"
"11/26/2023","89218","21047","19329","2259"
"11/25/2023","89365","21019","19385","2270"
"11/24/2023","89310","20968","19365","2278"
"11/23/2023","89344","20940","19376","2288"
"11/22/2023","89224","20926","19347","2283"
"11/21/2023","89246","20981","19336","2284"
"11/20/2023","89260","20988","19334","2286"
"11/19/2023","89098","20871","19332","2270"
"11/18/2023","89126","20832","19352","2277"
"11/17/2023","89104","20833","19332","2287"
"11/16/2023","89241","20924","19345","2298"
"11/15/2023","89207","20936","19342","2287"
"11/14/2023","89371","21014","19368","2301"
"11/13/2023","89441","21005","19381","2305"
"11/12/2023","89253","20897","19354","2293"
"11/11/2023","89226","20900","19354","2289"
"11/10/2023","89001","20848","19292","2294"
"11/09/2023","89048","20883","19300","2299"
"11/08/2023","89019","20857","19302","2309"
"11/07/2023","88993","20921","19265","2316"
"11/06/2023","89051","20926","19272","2335"
"11/05/2023","88810","20848","19243","2317"
"11/04/2023","88778","20830","19235","2313"
"11/03/2023","88724","20814","19218","2316"
"11/02/2023","88753","20863","19217","2319"
"11/01/2023","88742","20835","19227","2316"
"10/31/2023","88665","20805","19205","2317"
"10/30/2023","88708","20771","19222","2327"
"10/29/2023","88519","20684","19198","2319"
"10/28/2023","88205","20530","19155","2310"
"10/27/2023","88022","20497","19114","2304"
"10/26/2023","87962","20506","19096","2300"
"10/25/2023","87860","20463","19091","2296"
"10/24/2023","87918","20538","19088","2294"
"10/23/2023","87920","20475","19102","2299"
"10/22/2023","87854","20381","19113","2292"
"10/21/2023","87657","20207","19104","2290"
"10/20/2023","87345","20192","19039","2270"
"10/19/2023","87272","20270","18995","2252"
"10/18/2023","87059","20266","18942","2231"
"10/17/2023","86951","20110","18986","2205"
"10/16/2023","86883","20042","19003","2190"
"10/15/2023","86779","20131","18939","2178"
"10/14/2023","86600","20024","18909","2188"
"10/13/2023","86218","19803","18864","2194"
"10/12/2023","86144","19802","18840","2198"
"10/11/2023","85970","19654","18834","2195"
"10/10/2023","86004","19705","18808","2197"
"10/09/2023","85964","19698","18824","2157"
"10/08/2023","85561","19608","18730","2154"
"10/07/2023","85617","19577","18753","2156"
"10/06/2023","85407","19608","18684","2156"
"10/05/2023","85426","19712","18661","2155"
"10/04/2023","85268","19679","18615","2144"
"10/03/2023","85178","19676","18578","2158"
"10/02/2023","85170","19700","18570","2150"
"10/01/2023","85042","19664","18559","2146"
"09/30/2023","85108","19735","18565","2154"
"09/29/2023","85082","19772","18536","2164"
"09/28/2023","85247","19887","18555","2167"
"09/27/2023","85240","19920","18542","2162"
"09/26/2023","85094","19861","18501","2172"
"09/25/2023","84837","19900","18413","2165"
"09/24/2023","84938","19821","18484","2150"
"09/23/2023","84725","19746","18439","2146"
"09/22/2023","84598","19654","18416","2160"
"09/21/2023","84659","19769","18399","2160"
"09/20/2023","84500","19702","18360","2164"
"09/19/2023","84362","19736","18318","2159"
"09/18/2023","84234","19736","18282","2156"
"09/17/2023","84308","19735","18312","2153"
"09/16/2023","84336","19758","18299","2159"
"09/15/2023","84303","19760","18280","2180"
"09/14/2023","84284","19899","18232","2171"
"09/13/2023","84109","19849","18183","2174"
"09/12/2023","84080","19870","18160","2177"
"09/11/2023","83804","19768","18112","2172"
"09/10/2023","83811","19695","18140","2167"
"09/09/2023","83579","19725","18034","2203"
"09/08/2023","83588","19812","18020","2198"
"09/07/2023","83383","19770","17960","2211"
"09/06/2023","83272","19744","17937","2206"
"09/05/2023","83172","19891","17833","2229"
"09/04/2023","82986","19804","17810","2229"
"09/03/2023","83114","19930","17816","2203"
"09/02/2023","82899","19841","17777","2214"
"09/01/2023","82929","19910","17753","2227"
"08/31/2023","82875","20038","17693","2234"
"08/30/2023","82898","20068","17665","2269"
"08/29/2023","82824","20111","17605","2279"
"08/28/2023","82876","20210","17549","2348"
"08/27/2023","82710","20236","17495","2335"
"08/26/2023","82632","20247","17465","2347"
"08/25/2023","82608","20144","17464","2389"
"08/24/2023","83136","20363","17395","2638"
"08/23/2023","82953","20338","17365","2628"
"08/22/2023","82803","20192","17334","2665"
"08/21/2023","82846","20364","17293","2668"
"08/20/2023","82861","20663","17219","2645"
"08/19/2023","82783","20813","17160","2645"
"08/18/2023","82740","20952","17100","2657"
"08/17/2023","82973","21188","17094","2669"
"08/16/2023","83254","21366","17132","2670"
"08/15/2023","83260","21538","17078","2675"
"08/14/2023","83331","21513","17090","2689"
"08/13/2023","83159","21419","17075","2688"
"08/12/2023","83045","21481","17026","2687"
"08/11/2023","82674","21534","16902","2684"
"08/10/2023","82706","21493","16915","2688"
"08/09/2023","82722","21502","16929","2694"
"08/08/2023","82620","21516","16893","2710"
"08/07/2023","82186","21351","16820","2717"
"08/06/2023","82042","21326","16781","2723"
"08/05/2023","82029","21357","16776","2722"
"08/04/2023","82044","21423","16739","2738"
"08/03/2023","82132","21573","16716","2747"
"08/02/2023","82100","21663","16683","2757"
"08/01/2023","82207","21720","16671","2784"
"07/31/2023","82228","21723","16643","2835"
"07/30/2023","82241","21628","16638","2886"
"07/29/2023","82275","21662","16635","2900"
"07/28/2023","82216","21681","16595","2903"
"07/27/2023","82295","21819","16587","2891"
"07/26/2023","82141","21718","16559","2899"
"07/25/2023","82160","21706","16564","2895"
"07/24/2023","82245","21803","16544","2906"
"07/23/2023","82070","21681","16522","2904"
"07/22/2023","82086","21604","16544","2912"
"07/21/2023","82121","21714","16527","2910"
"07/20/2023","82116","21737","16513","2925"
"07/19/2023","82006","21689","16491","2916"
"07/18/2023","81946","21650","16489","2904"
"07/17/2023","81957","21636","16490","2905"
"07/16/2023","81848","21538","16491","2891"
"07/15/2023","81808","21467","16508","2895"
"07/14/2023","81725","21529","16477","2891"
"07/13/2023","81916","21638","16505","2894"
"07/12/2023","81603","21523","16445","2887"
"07/11/2023","81494","21551","16411","2893"
"07/10/2023","81330","21505","16369","2909"
"07/09/2023","81381","21683","16337","2881"
"07/08/2023","81336","21672","16329","2887"
"07/07/2023","81404","21687","16308","2922"
"07/06/2023","81397","21754","16287","2918"
"07/05/2023","81574","21869","16306","2935"
"07/04/2023","81147","21664","16246","2946"
"07/03/2023","81170","21736","16239","2927"
"07/02/2023","80982","21638","16204","2927"
"07/01/2023","81070","21586","16240","2948"
"06/30/2023","81066","21614","16232","2949"
"06/29/2023","81180","21747","16228","2951"
"06/28/2023","81081","21798","16181","2948"
"06/27/2023","81190","21857","16194","2960"
"06/26/2023","80931","21824","16129","2970"
"06/25/2023","80971","21816","16134","2977"
"06/24/2023","80900","21848","16101","2985"
"06/23/2023","80741","21882","16030","2995"
"06/22/2023","80889","21903","16072","3007"
"06/21/2023","80802","21963","16029","2999"
"06/20/2023","80620","22012","15961","2996"
"06/19/2023","80565","21939","15971","2995"
"06/18/2023","80370","21872","15924","2997"
"06/17/2023","80582","22029","15937","3013"
"06/16/2023","80647","22121","15926","3017"
"06/15/2023","80443","22199","15843","3022"
"06/14/2023","80613","22234","15880","3033"
"06/13/2023","80582","22238","15861","3041"
"06/12/2023","80449","22234","15816","3036"
"06/11/2023","80379","22168","15814","3053"
"06/10/2023","80601","22174","15881","3061"
"06/09/2023","80643","22235","15870","3059"
"06/08/2023","80661","22236","15869","3061"
"06/07/2023","80611","22278","15837","3055"
"06/06/2023","80605","22276","15846","3044"
"06/05/2023","80387","22281","15774","3034"
"06/04/2023","80568","22428","15788","3040"
"06/03/2023","80709","22395","15833","3055"
"06/02/2023","80679","22443","15794","3068"
"06/01/2023","81251","22672","15898","3076"
"05/31/2023","81145","22688","15864","3077"
"05/30/2023","81144","22754","15840","3071"
"05/29/2023","81132","22676","15847","3087"
"05/28/2023","81058","22699","15815","3095"
"05/27/2023","81148","22740","15836","3092"
"05/26/2023","81224","22819","15830","3101"
"05/25/2023","81434","22832","15885","3101"
"05/24/2023","81461","22838","15901","3096"
"05/23/2023","81432","22892","15878","3095"
"05/22/2023","81416","22872","15874","3090"
"05/21/2023","81377","22978","15843","3065"
"05/20/2023","81443","23036","15846","3064"
"05/19/2023","81232","23038","15788","3070"
"05/18/2023","80799","23161","15630","3059"
"05/17/2023","80736","23094","15648","3047"
"05/16/2023","80278","23052","15535","3025"
"05/15/2023","79858","23004","15434","3000"
"05/14/2023","79762","22899","15421","3018"
"05/13/2023","79670","22818","15420","3009"
"05/12/2023","79554","22836","15382","3003"
"05/11/2023","79438","22891","15339","3011"
"05/10/2023","79115","22819","15266","3004"
"05/09/2023","78763","22717","15185","3015"
"05/08/2023","78630","22743","15150","3004"
"05/07/2023","78573","22658","15165","3015"
"05/06/2023","78415","22709","15100","3008"
"05/05/2023","78156","22743","15003","3018"
"05/04/2023","77923","22712","14939","3011"
"05/03/2023","77429","22641","14836","2986"
"05/02/2023","77419","22601","14856","2967"
"05/01/2023","77020","22603","14744","2978"
"04/30/2023","76843","22577","14733","2943"
"04/29/2023","76668","22549","14689","2954"
"04/28/2023","76418","22456","14647","2956"
"04/27/2023","76158","22454","14578","2937"
"04/26/2023","76030","22494","14533","2929"
"04/25/2023","75735","22463","14475","2908"
"04/24/2023","75551","22450","14427","2906"
"04/23/2023","75442","22313","14430","2901"
"04/22/2023","75319","22240","14426","2898"
"04/21/2023","75173","22244","14385","2889"
"04/20/2023","75093","22221","14370","2902"
"04/19/2023","74886","22196","14334","2886"
"04/18/2023","74656","22170","14272","2882"
"04/17/2023","74451","22053","14238","2886"
"04/16/2023","74357","22011","14217","2890"
"04/15/2023","74083","21964","14162","2884"
"04/14/2023","74031","21975","14130","2887"
"04/13/2023","73835","21910","14092","2883"
"04/12/2023","73814","22001","14056","2880"
"04/11/2023","73770","22067","14025","2866"
"04/10/2023","73868","22043","14079","2866"
"04/09/2023","73891","22060","14072","2870"
"04/08/2023","73700","22005","14034","2852"
"04/07/2023","73560","21979","14011","2853"
"04/06/2023","73481","21912","14009","2850"
"04/05/2023","73259","21923","13944","2835"
"04/04/2023","73333","21929","13961","2849"
"04/03/2023","73273","21984","13948","2840"
"04/02/2023","73091","21933","13917","2824"
"04/01/2023","72845","21787","13889","2825"
"03/31/2023","72854","21785","13890","2830"
"03/30/2023","72829","21844","13866","2827"
"03/29/2023","72731","21864","13845","2805"
"03/28/2023","72522","21756","13809","2808"
"03/27/2023","72449","21780","13786","2805"
"03/26/2023","72292","21679","13763","2804"
"03/25/2023","72179","21642","13731","2805"
"03/24/2023","72209","21587","13787","2792"
"03/23/2023","72107","21578","13761","2796"
"03/22/2023","72224","21774","13746","2790"
"03/21/2023","71996","21685","13705","2780"
"03/20/2023","71742","21659","13648","2762"
"03/19/2023","71696","21603","13646","2762"
"03/18/2023","71529","21504","13618","2774"
"03/17/2023","71395","21470","13591","2784"
"03/16/2023","71286","21486","13551","2787"
"03/15/2023","71237","21482","13554","2777"
"03/14/2023","71220","21513","13539","2763"
"03/13/2023","71025","21432","13513","2766"
"03/12/2023","70941","21357","13502","2770"
"03/11/2023","70908","21329","13496","2778"
"03/10/2023","71018","21358","13518","2779"
"03/09/2023","71176","21428","13529","2782"
"03/08/2023","71024","21407","13483","2770"
"03/07/2023","71077","21399","13518","2778"
"03/06/2023","70951","21358","13481","2782"
"03/05/2023","70860","21275","13489","2770"
"03/04/2023","70767","21195","13486","2774"
"03/03/2023","70755","21126","13484","2792"
"03/02/2023","70734","21168","13456","2797"
"03/01/2023","70848","21216","13485","2793"
"02/28/2023","70860","21217","13483","2792"
"02/27/2023","70788","21272","13441","2788"
"02/26/2023","70912","21201","13500","2783"
"02/25/2023","70904","21150","13508","2799"
"02/24/2023","70885","21165","13501","2798"
"02/23/2023","70784","21167","13461","2807"
"02/22/2023","70810","21217","13445","2823"
"02/21/2023","70774","21189","13446","2824"
"02/20/2023","70509","21176","13370","2818"
"02/19/2023","70645","21176","13419","2826"
"02/18/2023","70601","21106","13419","2827"
"02/17/2023","70481","21071","13388","2827"
"02/16/2023","70481","21134","13375","2821"
"02/15/2023","70306","21005","13355","2817"
"02/14/2023","70461","21079","13378","2833"
"02/13/2023","70494","21085","13372","2836"
"02/12/2023","70648","21147","13399","2834"
"02/11/2023","70750","21128","13436","2833"
"02/10/2023","70758","21123","13449","2833"
"02/09/2023","70700","21131","13431","2833"
"02/08/2023","70683","21156","13407","2825"
"02/07/2023","70665","21145","13408","2824"
"02/06/2023","70691","21178","13398","2820"
"02/05/2023","70968","21125","13499","2838"
"02/04/2023","71020","21200","13502","2819"
"02/03/2023","70838","21149","13458","2821"
"02/02/2023","70856","21086","13502","2813"
"02/01/2023","70625","21063","13440","2800"
"01/31/2023","70458","21067","13390","2787"
"01/30/2023","70342","21038","13367","2779"
"01/29/2023","70107","20951","13347","2748"
"01/28/2023","69954","20895","13327","2751"
"01/27/2023","69834","20897","13305","2731"
"01/26/2023","69854","20910","13310","2731"
"01/25/2023","69530","20829","13232","2732"
"01/24/2023","69640","20904","13247","2721"
"01/23/2023","69384","20777","13202","2747"
"01/22/2023","69421","20812","13211","2720"
"01/21/2023","69320","20753","13202","2710"
"01/20/2023","69390","20815","13201","2718"
"01/19/2023","69269","20827","13167","2702"
"01/18/2023","69323","20781","13203","2702"
"01/17/2023","69254","20804","13186","2683"
"01/16/2023","69075","20767","13142","2674"
"01/15/2023","68896","20742","13103","2661"
"01/14/2023","68649","20690","13052","2661"
"01/13/2023","68658","20665","13070","2664"
"01/12/2023","68620","20605","13078","2665"
"01/11/2023","68519","20584","13048","2663"
"01/10/2023","68437","20543","13051","2649"
"01/09/2023","68210","20477","13004","2646"
"01/08/2023","67880","20418","12947","2615"
"01/07/2023","67553","20268","12895","2611"
"01/06/2023","67443","20222","12889","2608"
"01/05/2023","67321","20228","12847","2612"
"01/04/2023","67329","20310","12826","2612"
"01/03/2023","67129","20240","12796","2597"
"01/02/2023","66831","20133","12746","2584"
"01/01/2023","66564","20015","12706","2572"
"12/31/2022","66334","19873","12687","2560"
"12/30/2022","66353","20026","12642","2555"
"12/29/2022","66204","20116","12584","2544"
"12/28/2022","66155","20139","12573","2547"
"12/27/2022","66100","20178","12551","2551"
"12/26/2022","66039","20091","12569","2556"
"12/25/2022","65668","20038","12502","2519"
"12/24/2022","65548","20038","12464","2516"
"12/23/2022","65384","20013","12439","2492"
"12/22/2022","65237","20037","12414","2476"
"12/21/2022","65093","20022","12379","2463"
"12/20/2022","64776","19982","12302","2451"
"12/19/2022","64743","19923","12329","2450"
"12/18/2022","64696","19848","12328","2463"
"12/17/2022","64716","19902","12323","2454"
"12/16/2022","64742","19899","12347","2453"
"12/15/2022","64776","19959","12360","2432"
"12/14/2022","64788","19972","12361","2435"
"12/13/2022","64642","19935","12339","2423"
"12/12/2022","64717","19963","12360","2428"
"12/11/2022","64649","19855","12373","2425"
"12/10/2022","64588","19911","12342","2412"
"12/09/2022","64466","19891","12322","2407"
"12/08/2022","64358","19889","12299","2392"
"12/07/2022","64487","19805","12356","2380"
"12/06/2022","64370","19917","12316","2353"
"12/05/2022","64227","19952","12280","2338"
"12/04/2022","64222","19951","12285","2333"
"12/03/2022","64291","19872","12314","2341"
"12/02/2022","64213","19888","12295","2341"
"12/01/2022","64011","19957","12221","2332"
"11/30/2022","64075","20014","12229","2329"
"11/29/2022","64065","20065","12220","2324"
"11/28/2022","64039","20033","12222","2337"
"11/27/2022","63906","19989","12205","2322"
"11/26/2022","63930","19959","12223","2318"
"11/25/2022","63994","20039","12210","2328"
"11/24/2022","63946","19965","12218","2341"
"11/23/2022","63833","20001","12170","2337"
"11/22/2022","64115","20150","12226","2331"
"11/21/2022","64071","20220","12178","2347"
"11/20/2022","64110","20153","12205","2358"
"11/19/2022","63959","20068","12211","2340"
"11/18/2022","63984","20091","12224","2329"
"11/17/2022","64001","20167","12204","2347"
"11/16/2022","63865","20145","12186","2338"
"11/15/2022","63660","20064","12147","2348"
"11/14/2022","63581","20035","12134","2345"
"11/13/2022","63659","20011","12164","2349"
"11/12/2022","63566","19959","12157","2350"
"11/11/2022","63440","19997","12117","2342"
"11/10/2022","63403","20004","12096","2342"
"11/09/2022","63318","20007","12075","2326"
"11/08/2022","63360","20035","12076","2333"
"11/07/2022","63426","20066","12082","2337"
"11/06/2022","63451","20002","12106","2335"
"11/05/2022","63376","19971","12092","2330"
"11/04/2022","63379","20058","12057","2332"
"11/03/2022","63445","20096","12071","2334"
"11/02/2022","63426","20067","12064","2343"
"11/01/2022","63437","20099","12048","2356"
"10/31/2022","63385","20040","12046","2367"
"10/30/2022","63584","20110","12094","2363"
"10/29/2022","63623","20076","12120","2366"
"10/28/2022","63598","20126","12097","2360"
"10/27/2022","63647","20204","12118","2330"
"10/26/2022","63636","20218","12112","2334"
"10/25/2022","63666","20240","12118","2335"
"10/24/2022","63755","20316","12115","2342"
"10/23/2022","63686","20179","12154","2332"
"10/22/2022","63721","20145","12181","2328"
"10/21/2022","63631","20170","12156","2315"
"10/20/2022","63749","20282","12158","2309"
"10/19/2022","63578","20207","12130","2303"
"10/18/2022","63509","20180","12131","2297"
"10/17/2022","63341","20145","12096","2280"
"10/16/2022","63363","20181","12098","2268"
"10/15/2022","63100","20029","12072","2257"
"10/14/2022","63109","20068","12069","2247"
"10/13/2022","62972","20100","12046","2217"
"10/12/2022","62647","20002","11986","2199"
"10/11/2022","62556","19998","11960","2208"
"10/10/2022","62174","19997","11873","2187"
"10/09/2022","62070","19893","11880","2169"
"10/08/2022","61994","19739","11910","2150"
"10/07/2022","61734","19660","11872","2137"
"10/06/2022","61379","19525","11819","2128"
"10/05/2022","61070","19451","11765","2113"
"10/04/2022","61005","19492","11746","2100"
"10/03/2022","60705","19468","11678","2087"
"10/02/2022","60445","19420","11636","2068"
"10/01/2022","60181","19158","11638","2067"
"09/30/2022","60008","19156","11605","2031"
"09/29/2022","59688","19048","11558","2007"
"09/28/2022","59419","18968","11514","1981"
"09/27/2022","59126","19008","11432","1966"
"09/26/2022","58956","18899","11431","1946"
"09/25/2022","58898","18875","11436","1933"
"09/24/2022","58654","18746","11416","1901"
"09/23/2022","58444","18730","11354","1896"
"09/22/2022","58152","18590","11344","1871"
"09/21/2022","58038","18565","11325","1850"
"09/20/2022","57743","18545","11255","1828"
"09/19/2022","57441","18449","11216","1818"
"09/18/2022","57199","18356","11198","1780"
"09/17/2022","56869","18306","11116","1785"
"09/16/2022","56663","18249","11078","1791"
"09/15/2022","56334","18149","11024","1764"
"09/14/2022","56067","18146","10968","1728"
"09/13/2022","55727","18027","10907","1731"
"09/12/2022","55485","17909","10863","1735"
"09/11/2022","55338","17849","10871","1690"
"09/10/2022","55212","17806","10837","1691"
"09/09/2022","54986","17760","10798","1682"
"09/08/2022","54770","17715","10757","1670"
"09/07/2022","54647","17699","10733","1658"
"09/06/2022","54182","17666","10611","1654"
"09/05/2022","54105","17543","10639","1642"
"09/04/2022","53929","17508","10596","1640"
"09/03/2022","53874","17463","10601","1626"
"09/02/2022","53722","17469","10548","1628"
"09/01/2022","53682","17526","10530","1616"
"08/31/2022","53538","17555","10485","1599"
"08/30/2022","53429","17582","10449","1594"
"08/29/2022","53228","17572","10393","1591"
"08/28/2022","53078","17507","10376","1581"
"08/27/2022","52750","17376","10335","1563"
"08/26/2022","52549","17385","10293","1556"
"08/25/2022","52395","17382","10253","1539"
"08/24/2022","52321","17355","10255","1525"
"08/23/2022","52040","17265","10188","1529"
"08/22/2022","51940","17251","10146","1549"
"08/21/2022","51742","17103","10155","1524"
"08/20/2022","51466","16887","10144","1508"
"08/19/2022","51543","17006","10124","1511"
"08/18/2022","51430","16984","10115","1496"
"08/17/2022","51352","16991","10095","1492"
"08/16/2022","51248","16946","10064","1498"
"08/15/2022","51444","16933","10121","1509"
"08/14/2022","51111","16787","10084","1484"
"08/13/2022","51103","16806","10075","1491"
"08/12/2022","51036","16801","10044","1495"
"08/11/2022","51015","16812","10037","1495"
"08/10/2022","50915","16819","10001","1493"
"08/09/2022","50678","16750","9941","1496"
"08/08/2022","50658","16759","9932","1495"
"08/07/2022","50557","16717","9922","1487"
"08/06/2022","50464","16706","9897","1496"
"08/05/2022","50382","16703","9874","1485"
"08/04/2022","50408","16738","9869","1491"
"08/03/2022","50286","16687","9852","1484"
"08/02/2022","50208","16715","9809","1486"
"08/01/2022","50097","16686","9790","1479"
"07/31/2022","50035","16581","9810","1468"
"07/30/2022","49893","16551","9771","1480"
"07/29/2022","49923","16635","9753","1477"
"07/28/2022","49803","16637","9714","1473"
"07/27/2022","49721","16673","9687","1467"
"07/26/2022","49616","16677","9659","1463"
"07/25/2022","49340","16571","9616","1460"
"07/24/2022","49193","16488","9607","1446"
"07/23/2022","49042","16429","9584","1444"
"07/22/2022","48891","16431","9542","1446"
"07/21/2022","48900","16473","9520","1456"
"07/20/2022","48636","16460","9446","1438"
"07/19/2022","48637","16434","9445","1453"
"07/18/2022","48453","16408","9404","1445"
"07/17/2022","48188","16288","9375","1433"
"07/16/2022","48102","16212","9379","1429"
"07/15/2022","48152","16145","9415","1446"
"07/14/2022","48127","16164","9400","1436"
"07/13/2022","47858","16010","9370","1432"
"07/12/2022","47809","16090","9339","1428"
"07/11/2022","47956","16133","9359","1442"
"07/10/2022","48128","16299","9365","1441"
"07/09/2022","48231","16399","9366","1441"
"07/08/2022","48337","16493","9369","1441"
"07/07/2022","48015","16421","9294","1420"
"07/06/2022","47881","16371","9266","1416"
"07/05/2022","47816","16353","9249","1422"
"07/04/2022","47661","16149","9278","1412"
"07/03/2022","47631","16194","9253","1410"
"07/02/2022","47513","16202","9217","1408"
"07/01/2022","47456","16225","9202","1402"
"06/30/2022","47440","16301","9181","1408"
"06/29/2022","47381","16369","9136","1401"
"06/28/2022","47295","16349","9117","1398"
"06/27/2022","47285","16336","9121","1410"
"06/26/2022","47097","16180","9121","1396"
"06/25/2022","46933","16177","9073","1392"
"06/24/2022","46998","16203","9077","1393"
"06/23/2022","46995","16307","9039","1390"
"06/22/2022","46906","16350","8993","1396"
"06/21/2022","46913","16330","9004","1404"
"06/20/2022","46779","16207","9011","1396"
"06/19/2022","46745","16206","9003","1389"
"06/18/2022","46570","16178","8961","1389"
"06/17/2022","46532","16180","8946","1399"
"06/16/2022","46543","16303","8906","1404"
"06/15/2022","46581","16280","8924","1404"
"06/14/2022","46501","16278","8914","1388"
"06/13/2022","46532","16302","8909","1393"
"06/12/2022","46387","16141","8922","1386"
"06/11/2022","46567","16278","8924","1407"
"06/10/2022","46364","16235","8886","1393"
"06/09/2022","46502","16328","8901","1398"
"06/08/2022","46463","16331","8896","1391"
"06/07/2022","46450","16358","8889","1390"
"06/06/2022","46381","16303","8874","1406"
"06/05/2022","46260","16239","8864","1394"
"06/04/2022","46126","16177","8846","1388"
"06/03/2022","46196","16203","8858","1388"
"06/02/2022","46351","16382","8841","1401"
"06/01/2022","46178","16353","8797","1404"
"05/31/2022","46053","16327","8758","1411"
"05/30/2022","46062","16208","8802","1411"
"05/29/2022","45985","16234","8776","1405"
"05/28/2022","45919","16253","8759","1397"
"05/27/2022","46014","16257","8791","1398"
"05/26/2022","46022","16346","8770","1397"
"05/25/2022","46136","16360","8803","1403"
"05/24/2022","46041","16405","8760","1396"
"05/23/2022","45966","16372","8744","1405"
"05/22/2022","45994","16320","8758","1403"
"05/21/2022","45815","16285","8713","1400"
"05/20/2022","45870","16390","8709","1392"
"05/19/2022","45938","16415","8714","1396"
"05/18/2022","45932","16419","8706","1407"
"05/17/2022","45901","16454","8691","1391"
"05/16/2022","45832","16373","8683","1403"
"05/15/2022","45914","16290","8737","1396"
"05/14/2022","45855","16260","8733","1390"
"05/13/2022","45760","16270","8699","1398"
"05/12/2022","45844","16391","8686","1400"
"05/11/2022","45842","16443","8668","1387"
"05/10/2022","45721","16425","8633","1387"
"05/09/2022","45666","16447","8601","1394"
"05/08/2022","45553","16370","8601","1390"
"05/07/2022","45687","16411","8633","1387"
"05/06/2022","45778","16455","8641","1396"
"05/05/2022","45663","16415","8614","1391"
"05/04/2022","45778","16541","8619","1392"
"05/03/2022","45652","16503","8582","1394"
"05/02/2022","45576","16532","8555","1408"
"05/01/2022","45502","16388","8587","1404"
"04/30/2022","45386","16301","8569","1398"
"04/29/2022","45594","16392","8592","1410"
"04/28/2022","45774","16573","8595","1406"
"04/27/2022","45750","16590","8582","1401"
"04/26/2022","45629","16492","8570","1401"
"04/25/2022","45704","16555","8566","1406"
"04/24/2022","45439","16409","8537","1399"
"04/23/2022","45417","16406","8530","1393"
"04/22/2022","45393","16412","8517","1392"
"04/21/2022","45434","16541","8490","1390"
"04/20/2022","45415","16572","8473","1390"
"04/19/2022","45348","16575","8467","1389"
"04/18/2022","45239","16592","8426","1390"
"04/17/2022","45084","16449","8418","1392"
"04/16/2022","45056","16399","8428","1389"
"04/15/2022","45094","16412","8442","1385"
"04/14/2022","45229","16515","8449","1393"
"04/13/2022","45372","16540","8493","1391"
"04/12/2022","45482","16528","8533","1395"
"04/11/2022","45487","16598","8494","1408"
"04/10/2022","45486","16616","8503","1402"
"04/09/2022","45259","16443","8488","1395"
"04/08/2022","45339","16470","8509","1390"
"04/07/2022","45461","16610","8490","1400"
"04/06/2022","45474","16630","8487","1407"
"04/05/2022","45352","16584","8475","1394"
"04/04/2022","45388","16568","8489","1402"
"04/03/2022","45292","16494","8490","1392"
"04/02/2022","45100","16339","8473","1394"
"04/01/2022","45189","16425","8473","1392"
"03/31/2022","45318","16570","8462","1396"
"03/30/2022","45286","16634","8428","1406"
"03/29/2022","45240","16695","8411","1385"
"03/28/2022","45316","16667","8428","1399"
"03/27/2022","45176","16560","8421","1391"
"03/26/2022","45084","16477","8416","1391"
"03/25/2022","45191","16490","8440","1406"
"03/24/2022","45302","16603","8447","1400"
"03/23/2022","45261","16624","8428","1396"
"03/22/2022","45218","16566","8425","1405"
"03/21/2022","45334","16509","8478","1408"
"03/20/2022","45300","16501","8477","1392"
"03/19/2022","45138","16381","8464","1393"
"03/18/2022","45111","16416","8446","1387"
"03/17/2022","45232","16543","8448","1392"
"03/16/2022","45136","16510","8435","1389"
"03/15/2022","45158","16542","8428","1396"
"03/14/2022","45309","16633","8435","1417"
"03/13/2022","45261","16585","8429","1415"
"03/12/2022","45259","16614","8417","1414"
"03/11/2022","45248","16551","8435","1414"
"03/10/2022","45181","16603","8391","1418"
"03/09/2022","45335","16716","8401","1419"
"03/08/2022","45213","16620","8394","1421"
"03/07/2022","45291","16589","8410","1433"
"03/06/2022","45199","16443","8449","1408"
"03/05/2022","45182","16437","8447","1403"
"03/04/2022","45249","16497","8441","1424"
"03/03/2022","45276","16561","8440","1414"
"03/02/2022","45369","16667","8439","1417"
"03/01/2022","45289","16621","8432","1424"
"02/28/2022","45376","16693","8433","1433"
"02/27/2022","45455","16673","8464","1424"
"02/26/2022","45383","16623","8459","1422"
"02/25/2022","45325","16683","8425","1419"
"02/24/2022","45225","16695","8390","1423"
"02/23/2022","45253","16699","8389","1434"
"02/22/2022","45326","16702","8394","1440"
"02/21/2022","45324","16684","8393","1437"
"02/20/2022","45222","16629","8386","1432"
"02/19/2022","45189","16517","8425","1425"
"02/18/2022","45157","16557","8401","1426"
"02/17/2022","45224","16619","8387","1431"
"02/16/2022","45184","16662","8359","1437"
"02/15/2022","45147","16674","8338","1443"
"02/14/2022","45295","16628","8400","1458"
"02/13/2022","45310","16580","8432","1441"
"02/12/2022","45144","16456","8415","1440"
"02/11/2022","45054","16446","8408","1427"
"02/10/2022","45088","16573","8371","1432"
"02/09/2022","45273","16567","8424","1437"
"02/08/2022","45162","16552","8401","1428"
"02/07/2022","45193","16551","8406","1436"
"02/06/2022","45406","16576","8465","1443"
"02/05/2022","45192","16429","8455","1432"
"02/04/2022","45214","16475","8450","1433"
"02/03/2022","45226","16471","8458","1437"
"02/02/2022","45264","16538","8448","1428"
"02/01/2022","45206","16602","8409","1436"
"01/31/2022","45316","16579","8442","1442"
"01/30/2022","45366","16628","8440","1433"
"01/29/2022","45463","16655","8474","1425"
"01/28/2022","45515","16663","8487","1424"
"01/27/2022","45520","16696","8480","1431"
"01/26/2022","45436","16730","8431","1427"
"01/25/2022","45367","16700","8426","1428"
"01/24/2022","45498","16690","8465","1437"
"01/23/2022","45346","16612","8445","1435"
"01/22/2022","45396","16692","8440","1427"
"01/21/2022","45292","16653","8414","1425"
"01/20/2022","45401","16689","8446","1428"
"01/19/2022","45263","16626","8418","1423"
"01/18/2022","45450","16695","8455","1434"
"01/17/2022","45429","16641","8460","1443"
"01/16/2022","45328","16580","8447","1440"
"01/15/2022","45328","16620","8438","1435"
"01/14/2022","45292","16611","8421","1440"
"01/13/2022","45335","16557","8456","1437"
"01/12/2022","45470","16636","8467","1435"
"01/11/2022","45341","16603","8437","1442"
"01/10/2022","45243","16578","8417","1440"
"01/09/2022","45278","16546","8434","1443"
"01/08/2022","45311","16540","8455","1437"
"01/07/2022","45338","16495","8463","1443"
"01/06/2022","45295","16520","8435","1451"
"01/05/2022","45251","16541","8416","1455"
"01/04/2022","45138","16565","8380","1445"
"01/03/2022","45263","16523","8421","1448"
"01/02/2022","45285","16434","8459","1441"
"01/01/2022","45213","16347","8455","1453"
"12/31/2021","44996","16247","8430","1447"
"12/30/2021","45245","16501","8417","1449"
"12/29/2021","45299","16559","8413","1445"
"12/28/2021","45239","16579","8384","1447"
"12/27/2021","45364","16615","8413","1465"
"12/26/2021","45445","16574","8460","1457"
"12/25/2021","45401","16432","8482","1470"
"12/24/2021","45399","16522","8460","1465"
"12/23/2021","45571","16667","8467","1470"
"12/22/2021","45390","16657","8407","1477"
"12/21/2021","45618","16664","8480","1484"
"12/20/2021","45596","16688","8463","1481"
"12/19/2021","45663","16651","8511","1467"
"12/18/2021","45625","16568","8520","1467"
"12/17/2021","45612","16533","8526","1476"
"12/16/2021","45721","16678","8513","1478"
"12/15/2021","45684","16696","8501","1472"
"12/14/2021","45870","16708","8547","1480"
"12/13/2021","45945","16699","8553","1497"
"12/12/2021","45926","16687","8559","1497"
"12/11/2021","45765","16539","8560","1487"
"12/10/2021","45899","16581","8581","1496"
"12/09/2021","45831","16692","8529","1486"
"12/08/2021","45836","16752","8507","1491"
"12/07/2021","45780","16714","8500","1491"
"12/06/2021","45778","16680","8498","1502"
"12/05/2021","45745","16603","8516","1500"
"12/04/2021","45688","16579","8512","1495"
"12/03/2021","45597","16589","8484","1495"
"12/02/2021","45671","16660","8496","1491"
"12/01/2021","45823","16737","8498","1509"
"11/30/2021","45837","16799","8498","1501"
"11/29/2021","45833","16785","8494","1513"
"11/28/2021","45736","16695","8500","1514"
"11/27/2021","45704","16649","8514","1503"
"11/26/2021","45709","16542","8550","1503"
"11/25/2021","45734","16557","8544","1512"
"11/24/2021","45746","16684","8513","1502"
"11/23/2021","45734","16773","8481","1497"
"11/22/2021","45838","16725","8528","1509"
"11/21/2021","45756","16709","8511","1511"
"11/20/2021","45828","16696","8547","1503"
"11/19/2021","45805","16676","8545","1496"
"11/18/2021","45882","16732","8545","1514"
"11/17/2021","45983","16785","8554","1523"
"11/16/2021","45888","16749","8523","1528"
"11/15/2021","45937","16773","8521","1541"
"11/14/2021","45967","16727","8541","1543"
"11/13/2021","45945","16627","8569","1538"
"11/12/2021","45821","16640","8539","1534"
"11/11/2021","45919","16701","8537","1536"
"11/10/2021","45843","16645","8523","1540"
"11/09/2021","45792","16694","8493","1537"
"11/08/2021","45927","16686","8524","1563"
"11/07/2021","46026","16683","8554","1555"
"11/06/2021","45948","16603","8558","1549"
"11/05/2021","46116","16703","8592","1544"
"11/04/2021","46188","16813","8582","1541"
"11/03/2021","46030","16728","8562","1547"
"11/02/2021","45979","16651","8559","1555"
"11/01/2021","45916","16623","8541","1563"
"10/31/2021","45910","16499","8591","1559"
"10/30/2021","46004","16582","8596","1560"
"10/29/2021","46118","16629","8616","1562"
"10/28/2021","46147","16679","8599","1567"
"10/27/2021","46011","16566","8599","1559"
"10/26/2021","46009","16618","8579","1559"
"10/25/2021","45907","16493","8578","1579"
"10/24/2021","46173","16577","8640","1576"
"10/23/2021","46076","16459","8639","1584"
"10/22/2021","46013","16439","8624","1578"
"10/21/2021","46039","16513","8611","1577"
"10/20/2021","46017","16514","8604","1575"
"10/19/2021","46026","16573","8585","1575"
"10/18/2021","45985","16518","8592","1577"
"10/17/2021","46037","16487","8613","1580"
"10/16/2021","45910","16370","8615","1563"
"10/15/2021","45922","16396","8604","1580"
"10/14/2021","45979","16474","8590","1584"
"10/13/2021","46114","16543","8614","1581"
"10/12/2021","45886","16489","8554","1581"
"10/11/2021","45900","16516","8547","1580"
"10/10/2021","45917","16424","8585","1581"
"10/09/2021","45910","16352","8603","1578"
"10/08/2021","45851","16369","8586","1566"
"10/07/2021","45766","16393","8539","1577"
"10/06/2021","45758","16444","8537","1566"
"10/05/2021","45782","16439","8540","1569"
"10/04/2021","45700","16430","8516","1565"
"10/03/2021","45681","16298","8545","1569"
"10/02/2021","45481","16172","8532","1558"
"10/01/2021","45584","16289","8513","1575"
"09/30/2021","45624","16386","8500","1565"
"09/29/2021","45613","16352","8503","1570"
"09/28/2021","45544","16392","8478","1569"
"09/27/2021","45616","16348","8495","1585"
"09/26/2021","45514","16340","8471","1575"
"09/25/2021","45443","16262","8466","1573"
"09/24/2021","45320","16234","8436","1568"
"09/23/2021","45301","16343","8406","1562"
"09/22/2021","45212","16290","8383","1573"
"09/21/2021","45402","16245","8460","1585"
"09/20/2021","45264","16225","8412","1592"
"09/19/2021","45305","16162","8452","1585"
"09/18/2021","45141","16106","8415","1579"
"09/17/2021","45117","16124","8400","1579"
"09/16/2021","45133","16196","8378","1576"
"09/15/2021","45102","16183","8378","1573"
"09/14/2021","45055","16175","8353","1582"
"09/13/2021","44992","16116","8341","1593"
"09/12/2021","45088","16068","8411","1582"
"09/11/2021","45029","15996","8416","1579"
"09/10/2021","45043","16079","8400","1577"
"09/09/2021","45131","16188","8387","1576"
"09/08/2021","45000","16079","8374","1587"
"09/07/2021","45118","16159","8378","1602"
"09/06/2021","44870","15999","8354","1601"
"09/05/2021","45008","16024","8388","1601"
"09/04/2021","44895","15985","8371","1591"
"09/03/2021","44868","16067","8329","1594"
"09/02/2021","44838","16115","8314","1588"
"09/01/2021","44839","16141","8313","1595"
"08/31/2021","44767","16134","8293","1591"
"08/30/2021","44885","16183","8302","1601"
"08/29/2021","44904","16162","8321","1588"
"08/28/2021","44826","16128","8315","1585"
"08/27/2021","44786","16148","8289","1585"
"08/26/2021","44836","16242","8272","1592"
"08/25/2021","44882","16205","8299","1601"
"08/24/2021","45009","16247","8326","1598"
"08/23/2021","45132","16324","8335","1614"
"08/22/2021","45130","16352","8330","1599"
"08/21/2021","44981","16268","8307","1598"
"08/20/2021","44927","16267","8278","1605"
"08/19/2021","44959","16319","8268","1608"
"08/18/2021","44926","16305","8259","1609"
"08/17/2021","45203","16240","8362","1621"
"08/16/2021","45262","16302","8347","1639"
"08/15/2021","45202","16257","8342","1637"
"08/14/2021","45188","16292","8330","1630"
"08/13/2021","45213","16288","8328","1639"
"08/12/2021","45207","16325","8304","1635"
"08/11/2021","45291","16340","8317","1647"
"08/10/2021","45354","16375","8335","1645"
"08/09/2021","45265","16358","8312","1652"
"08/08/2021","45186","16299","8309","1646"
"08/07/2021","45020","16201","8295","1632"
"08/06/2021","45034","16189","8302","1634"
"08/05/2021","45113","16245","8309","1633"
"08/04/2021","45085","16258","8292","1638"
"08/03/2021","44844","16207","8233","1632"
"08/02/2021","44738","16243","8181","1644"
"08/01/2021","44586","16111","8180","1636"
"07/31/2021","44748","16234","8192","1630"
"07/30/2021","45101","16225","8296","1648"
"07/29/2021","45173","16308","8299","1640"
"07/28/2021","44863","16068","8282","1636"
"07/27/2021","45000","16230","8271","1630"
"07/26/2021","45148","16364","8267","1643"
"07/25/2021","45289","16403","8306","1639"
"07/24/2021","45242","16341","8318","1638"
"07/23/2021","45138","16326","8287","1632"
"07/22/2021","45205","16402","8260","1654"
"07/21/2021","45258","16458","8257","1653"
"07/20/2021","45315","16460","8262","1677"
"07/19/2021","45359","16482","8273","1672"
"07/18/2021","45536","16518","8316","1670"
"07/17/2021","45515","16479","8325","1666"
"07/16/2021","45488","16503","8310","1664"
"07/15/2021","45521","16532","8305","1673"
"07/14/2021","45524","16583","8269","1681"
"07/13/2021","45597","16583","8282","1680"
"07/12/2021","45654","16624","8282","1691"
"07/11/2021","45564","16511","8307","1695"
"07/10/2021","45505","16491","8290","1688"
"07/09/2021","45469","16480","8291","1682"
"07/08/2021","45565","16638","8278","1672"
"07/07/2021","45548","16542","8303","1681"
"07/06/2021","45695","16618","8324","1693"
"07/05/2021","45561","16524","8314","1693"
"07/04/2021","45511","16411","8333","1696"
"07/03/2021","45594","16551","8324","1685"
"07/02/2021","45690","16698","8303","1691"
"07/01/2021","45889","16813","8327","1690"
"06/30/2021","47045","16981","8674","1730"
"06/29/2021","47113","16987","8691","1730"
"06/28/2021","47076","17037","8658","1733"
"06/27/2021","47114","17040","8685","1728"
"06/26/2021","47204","17062","8716","1725"
"06/25/2021","47267","17150","8709","1729"
"06/24/2021","47378","17247","8709","1734"
"06/23/2021","47414","17297","8703","1733"
"06/22/2021","47609","17440","8721","1731"
"06/21/2021","47521","17412","8704","1728"
"06/20/2021","47644","17378","8767","1723"
"06/19/2021","47667","17383","8775","1722"
"06/18/2021","47755","17455","8777","1722"
"06/17/2021","47658","17407","8755","1728"
"06/16/2021","47762","17472","8768","1737"
"06/15/2021","47746","17462","8759","1738"
"06/14/2021","47829","17513","8762","1739"
"06/13/2021","47897","17471","8800","1736"
"06/12/2021","47873","17429","8802","1735"
"06/11/2021","47888","17422","8808","1740"
"06/10/2021","47947","17447","8817","1732"
"06/09/2021","47798","17431","8776","1735"
"06/08/2021","47919","17480","8798","1737"
"06/07/2021","47942","17496","8800","1746"
"06/06/2021","47977","17437","8847","1731"
"06/05/2021","47892","17387","8830","1733"
"06/04/2021","47984","17476","8819","1744"
"06/03/2021","48108","17551","8842","1738"
"06/02/2021","47961","17487","8821","1737"
"06/01/2021","48093","17574","8835","1744"
"05/31/2021","48228","17583","8872","1748"
"05/30/2021","48330","17671","8879","1743"
"05/29/2021","48291","17684","8858","1738"
"05/28/2021","48253","17625","8852","1744"
"05/27/2021","48240","17601","8845","1750"
"05/26/2021","48199","17636","8838","1740"
"05/25/2021","48188","17632","8833","1748"
"05/24/2021","48274","17686","8824","1760"
"05/23/2021","48235","17626","8831","1751"
"05/22/2021","48255","17569","8859","1757"
"05/21/2021","48294","17590","8865","1764"
"05/20/2021","48388","17683","8875","1754"
"05/19/2021","48372","17707","8867","1760"
"05/18/2021","48492","17690","8905","1763"
"05/17/2021","48647","17766","8908","1778"
"05/16/2021","48756","17777","8937","1775"
"05/15/2021","48782","17745","8957","1780"
"05/14/2021","48762","17796","8934","1781"
"05/13/2021","48808","17821","8930","1780"
"05/12/2021","48785","17844","8916","1778"
"05/11/2021","48808","17897","8894","1784"
"05/10/2021","48934","17926","8920","1795"
"05/09/2021","49184","17960","8981","1802"
"05/08/2021","49096","17839","8994","1804"
"05/07/2021","49117","17867","8999","1807"
"05/06/2021","49147","17940","8985","1803"
"05/05/2021","49267","17988","9039","1804"
"05/04/2021","49195","17909","8997","1811"
"05/03/2021","49208","17929","9000","1816"
"05/02/2021","49221","17813","9026","1816"
"05/01/2021","49259","17814","9042","1812"
"04/30/2021","49338","17861","9054","1815"
"04/29/2021","49456","17966","9061","1814"
"04/28/2021","49559","17980","9080","1821"
"04/27/2021","49522","17958","9076","1816"
"04/26/2021","49646","18058","9075","1821"
"04/25/2021","49696","18045","9095","1831"
"04/24/2021","49716","18007","9106","1835"
"04/23/2021","49746","17995","9108","1836"
"04/22/2021","49825","18100","9106","1832"
"04/21/2021","49852","18107","9112","1835"
"04/20/2021","49676","18010","9095","1843"
"04/19/2021","49867","18048","9140","1841"
"04/18/2021","49952","18099","9150","1840"
"04/17/2021","49979","18090","9167","1840"
"04/16/2021","50096","18126","9191","1843"
"04/15/2021","50132","18138","9197","1840"
"04/14/2021","50094","18081","9197","1839"
"04/13/2021","50115","18130","9185","1843"
"04/12/2021","50212","18210","9184","1854"
"04/11/2021","50336","18225","9210","1852"
"04/10/2021","50159","18046","9218","1849"
"04/09/2021","50156","18100","9206","1849"
"04/08/2021","50189","18063","9220","1856"
"04/07/2021","50206","18107","9208","1856"
"04/06/2021","50269","18154","9205","1859"
"04/05/2021","50506","18199","9257","1867"
"04/04/2021","50606","18218","9299","1859"
"04/03/2021","50495","18141","9280","1866"
"04/02/2021","50600","18216","9285","1867"
"04/01/2021","50649","18263","9292","1865"
"03/31/2021","50711","18322","9300","1863"
"03/30/2021","50752","18288","9319","1861"
"03/29/2021","50814","18370","9313","1868"
"03/28/2021","50884","18349","9343","1865"
"03/27/2021","50780","18249","9340","1868"
"03/26/2021","50765","18267","9331","1867"
"03/25/2021","51004","18396","9352","1879"
"03/24/2021","51084","18439","9360","1877"
"03/23/2021","51051","18395","9375","1864"
"03/22/2021","51169","18418","9398","1865"
"03/21/2021","51301","18409","9440","1869"
"03/20/2021","51250","18382","9420","1879"
"03/19/2021","51339","18426","9430","1885"
"03/18/2021","51411","18481","9438","1882"
"03/17/2021","51364","18454","9434","1878"
"03/16/2021","51471","18569","9440","1874"
"03/15/2021","51453","18482","9462","1875"
"03/14/2021","51476","18490","9472","1867"
"03/13/2021","51482","18440","9491","1869"
"03/12/2021","51439","18440","9476","1873"
"03/11/2021","51705","18539","9531","1883"
"03/10/2021","51685","18517","9514","1890"
"03/09/2021","51660","18487","9508","1898"
"03/08/2021","51881","18506","9571","1901"
"03/07/2021","52041","18513","9624","1903"
"03/06/2021","51940","18448","9612","1903"
"03/05/2021","51869","18424","9598","1908"
"03/04/2021","51896","18515","9578","1911"
"03/03/2021","51828","18434","9579","1913"
"03/02/2021","51948","18488","9590","1922"
"03/01/2021","51941","18479","9593","1920"
